datasetID,accessible,institution,dataStructure,cdm_data_type,class,title,minLongitude,maxLongitude,longitudeSpacing,minLatitude,maxLatitude,latitudeSpacing,minAltitude,maxAltitude,minTime,maxTime,timeSpacing,griddap,tabledap,metadata,sourceUrl,infoUrl,testOutOfDate,outOfDate,summary
,,,,,,,degrees_east,degrees_east,degrees_east,degrees_north,degrees_north,degrees_north,m,m,UTC,UTC,seconds,,,,,,,,
allDatasets,public,INCOIS,table,Other,EDDTableFromAllDatasets,* The List of All Active Datasets in this ERDDAP *,,,,,,,,,,,,,https://erddap.incois.gov.in/erddap/tabledap/allDatasets,https://erddap.incois.gov.in/erddap/info/allDatasets/index,https://erddap.incois.gov.in/erddap,https://erddap.incois.gov.in/erddap,,,This dataset is a table which has a row of information for each dataset currently active in this ERDDAP.
AMSRE_MONTHLY_GLOBAL,public,INCOIS,grid,Grid,EDDGridFromNcFiles,AMSRE Monthly Global Data,0.0,359.75,0.25,-90.0,89.75,0.25,,,2002-06-14T00:00:00Z,2011-09-14T00:00:00Z,2630140.5405405406,https://erddap.incois.gov.in/erddap/griddap/AMSRE_MONTHLY_GLOBAL,,https://erddap.incois.gov.in/erddap/info/AMSRE_MONTHLY_GLOBAL/index,(local files),???,,,AMSRE Monthly Global Data
ascat_daily_datasets,public,ifremer,grid,Grid,EDDGridFromNcFiles,Daily ASCAT global wind field,20.125,139.875,0.25,-29.875,29.875,0.25,-10.0,-10.0,2007-03-21T12:00:00Z,2023-05-21T12:00:00Z,87301.84804928131,https://erddap.incois.gov.in/erddap/griddap/ascat_daily_datasets,,https://erddap.incois.gov.in/erddap/info/ascat_daily_datasets/index,(local files),https://wwz.ifremer.fr/,,,Daily Advanced SCATterometer (ASCAT) global wind field. ifremer data from a local source.
NOAA_AVHRR_AMSR_datasets,public,INCOIS,grid,Grid,EDDGridFromNcFiles,"Daily-OI-V2, final, Data (Ship, Buoy, AMSR-E, AVHRR, GSFC-ice)",20.125,139.875,0.25,-29.875,29.875,0.25,,,2002-06-01T00:00:00Z,2011-10-04T00:00:00Z,86400.0,https://erddap.incois.gov.in/erddap/griddap/NOAA_AVHRR_AMSR_datasets,,https://erddap.incois.gov.in/erddap/info/NOAA_AVHRR_AMSR_datasets/index,(local files),https://www.nasa.gov/centers/goddard/home/index.html,,,NOAA High Resolution SST AVHRR AMSR (data provided by the NOAA OAR ESRL)
incois_argo_10day_McCreary,public,INCOIS,grid,Grid,EDDGridFromNcFiles,INCOIS ARGO 10 Day data Kessler-McCreary Methodology,30.5,119.5,1.0,-29.5,29.5,1.0,,,2001-01-10T00:00:00Z,2026-07-30T00:00:00Z,876396.5217391305,https://erddap.incois.gov.in/erddap/griddap/incois_argo_10day_McCreary,,https://erddap.incois.gov.in/erddap/info/incois_argo_10day_McCreary/index,(local files),???,,,INCOIS ARGO 10 Day data Kessler-McCreary Methodology
incois_argo_10d_VAM,public,INCOIS,grid,Grid,EDDGridFromNcFiles,INCOIS ARGO 10 day data Variational Analysis Methodology,30.5,119.5,1.0,-29.5,29.5,1.0,,,2004-01-10T00:00:00Z,2026-07-30T00:00:00Z,876449.2610837439,https://erddap.incois.gov.in/erddap/griddap/incois_argo_10d_VAM,,https://erddap.incois.gov.in/erddap/info/incois_argo_10d_VAM/index,(local files),???,,,INCOIS ARGO 10 day data Variational Analysis Methodology
incois_argo_mnt_McCreary,public,INCOIS,grid,Grid,EDDGridFromNcFiles,INCOIS ARGO Monthly data Kessler-McCreary Methodology,30.5,119.5,1.0,-29.5,29.5,1.0,,,2001-01-15T00:00:00Z,2026-07-15T00:00:00Z,2629270.588235294,https://erddap.incois.gov.in/erddap/griddap/incois_argo_mnt_McCreary,,https://erddap.incois.gov.in/erddap/info/incois_argo_mnt_McCreary/index,(local files),???,,,INCOIS ARGO Monthly data Kessler-McCreary Methodology
incois_argo_mnt_VAM,public,INCOIS,grid,Grid,EDDGridFromNcFiles,INCOIS ARGO Monthly data Variational Analysis Methodology,30.5,119.5,1.0,-29.5,29.5,1.0,,,2004-01-15T00:00:00Z,2026-07-15T00:00:00Z,2629440.0,https://erddap.incois.gov.in/erddap/griddap/incois_argo_mnt_VAM,,https://erddap.incois.gov.in/erddap/info/incois_argo_mnt_VAM/index,(local files),???,,,INCOIS ARGO Monthly data Variational Analysis Methodology
incois_argo_sst_weekly,public,INCOIS,grid,Grid,EDDGridFromNcFiles,INCOIS argo SST data Weekly,30.0,120.0,0.25,-30.0,30.0,0.25,,,2009-01-07T00:00:00Z,2010-12-29T00:00:00Z,604800.0,https://erddap.incois.gov.in/erddap/griddap/incois_argo_sst_weekly,,https://erddap.incois.gov.in/erddap/info/incois_argo_sst_weekly/index,(local files),???,,,INCOIS argo SST data Weekly
incois_oceansat2_datasets,public,INCOIS,grid,Grid,EDDGridFromNcFiles,INCOIS Oceansat 2 OCM Data,46.6831254134,99.316874585796,0.039995250131,0.10701514192,27.89298485807536,0.03880722027396,,,2011-02-02T00:00:00Z,2020-05-01T00:00:00Z,86400.0,https://erddap.incois.gov.in/erddap/griddap/incois_oceansat2_datasets,,https://erddap.incois.gov.in/erddap/info/incois_oceansat2_datasets/index,(local files),???,,,INCOIS Oceansat 2 OCM Data
incois_quickscat_daily_datasets,public,INCOIS,grid,Grid,EDDGridFromNcFiles,INCOIS Quickscat Daily Data,30.25,119.75,0.5,-29.75,29.75,0.5,,,1999-07-20T12:00:00Z,2009-11-21T12:00:00Z,86975.69296375266,https://erddap.incois.gov.in/erddap/griddap/incois_quickscat_daily_datasets,,https://erddap.incois.gov.in/erddap/info/incois_quickscat_daily_datasets/index,(local files),???,,,INCOIS Quickscat Daily Data
incois_quickscat_mnt_datasets,public,INCOIS,grid,Grid,EDDGridFromNcFiles,INCOIS Quickscat Monthly Data,30.25,119.75,0.5,-29.75,29.75,0.5,,,1999-08-16T12:00:00Z,2009-10-16T12:00:00Z,2630242.62295082,https://erddap.incois.gov.in/erddap/griddap/incois_quickscat_mnt_datasets,,https://erddap.incois.gov.in/erddap/info/incois_quickscat_mnt_datasets/index,(local files),???,,,INCOIS Quickscat Monthly Data
incois_tmi_3day_datasets,public,INCOIS,grid,Grid,EDDGridFromNcFiles,INCOIS TMI 3Day Data,0.0,359.75,0.25,-90.0,89.75,0.25,,,1997-12-07T00:00:00Z,2014-12-31T00:00:00Z,86511.03614457832,https://erddap.incois.gov.in/erddap/griddap/incois_tmi_3day_datasets,,https://erddap.incois.gov.in/erddap/info/incois_tmi_3day_datasets/index,(local files),???,,,INCOIS TMI 3Day Data
incois_valueadded_products_datasets,public,INCOIS,grid,Grid,EDDGridFromNcFiles,INCOIS Value Added Products,30.5,119.5,1.0,-29.5,29.5,1.0,,,2004-01-10T00:00:00Z,2019-03-30T00:00:00Z,876297.8102189781,https://erddap.incois.gov.in/erddap/griddap/incois_valueadded_products_datasets,,https://erddap.incois.gov.in/erddap/info/incois_valueadded_products_datasets/index,(local files),???,,,INCOIS Value Added Products
Indian_ARGO_Floats,public,INCOIS,table,Point,EDDTableFromMultidimNcFiles,INDIAN ARGO Floats Data,-179.988,179.903,,-69.735,47.78333333333333,,,,2002-10-24T19:30:03Z,2025-04-23T13:28:00Z,,,https://erddap.incois.gov.in/erddap/tabledap/Indian_ARGO_Floats,https://erddap.incois.gov.in/erddap/info/Indian_ARGO_Floats/index,(local files),http://www.incois.gov.in,,,INDIAN ARGO Floats Data
IRS_chlorophyll_datasets,public,INCOIS,grid,Grid,EDDGridFromNcFiles,IRS P4 OCM-Chlorophyll,60.010101318359375,103.94818878173828,0.010184999412002528,0.023322999477386475,26.045997619628906,0.010184999851331318,,,2003-01-05T00:00:00Z,2006-03-21T12:00:00Z,1054350.0,https://erddap.incois.gov.in/erddap/griddap/IRS_chlorophyll_datasets,,https://erddap.incois.gov.in/erddap/info/IRS_chlorophyll_datasets/index,(local files),???,,,IRS P4 OCM-Chlorophyll
ascat_mnt_datasets,public,ifremer,grid,Grid,EDDGridFromNcFiles,Monthly ASCAT global wind field,-179.875,179.875,0.25,-79.875,80.125,0.25,-10.0,-10.0,2007-05-01T12:00:00Z,2021-11-01T12:00:00Z,2661320.930232558,https://erddap.incois.gov.in/erddap/griddap/ascat_mnt_datasets,,https://erddap.incois.gov.in/erddap/info/ascat_mnt_datasets/index,(local files),https://wwz.ifremer.fr/,,,Monthly Advanced SCATterometer (ASCAT) global wind field
